STATE,FATAL,SERIOUS,MINOR,TOTAL CASES,NUMBER INJURED,NUMBER KILLED,TOTAL CASUALTY,PEOPLE INVOLVED,SPV,UPD,TBT,MDV,BFL,OVL,DOT,WOT,DGD,BRD,RTV,OBS,SOS,DAD,PWR,FTQ,SLV,OTHERS,QUARTER,YEAR,All Sky Surface Total PAR (MJ/m^2/day),All Sky Surface UV Index (W m-2 x 40),deg Cloud Amount (%),Surface Soil Wetness (1),Precipitation Corrected (mm/day),Surface Pressure (kPa),Specific Humidity at 2 Meters (g/kg),Temperature at 2 Meters (C),Dew/Frost Point at 2 Meters (C),Earth Skin Temperature (C),Wind Direction at 2 Meters (Degrees),Wind Speed at 10 Meters Range (m/s),Wind Speed at 2 Meters (m/s),CAUSE_SUM,CAUSE_RATE,lat,lon
LAGOS,13,47,41,101,127,17,144,475,65,1,4,7,6,0,0,6,3,0,4,0,0,0,0,1,0,5,Q4,2023,8.353333333333333,1.7966666666666669,54.26,0.77,3.686666666666667,100.79,18.66,27.03333333333333,23.956666666666667,27.263333333333332,232.66666666666663,1.8166666666666669,1.8133333333333332,245,2.4257425742574257,6.5244,3.3792
NASARAWA,25,153,34,212,555,32,587,993,148,0,12,5,5,0,0,6,21,0,12,0,0,2,2,0,35,20,Q4,2023,8.78,1.84,43.303333333333335,0.5866666666666667,2.2133333333333334,98.28666666666668,14.736666666666666,26.563333333333333,18.953333333333333,26.64333333333333,162.63333333333333,2.263333333333333,1.2733333333333334,799,3.768867924528302,8.54,7.7197
NIGER,39,59,1,99,649,97,746,1048,108,1,5,2,2,0,0,10,0,0,3,0,0,0,0,2,1,0,Q4,2023,8.703333333333333,1.7733333333333334,41.78666666666667,0.46,1.2466666666666668,99.58666666666666,14.683333333333335,27.25333333333333,19.25333333333333,27.44666666666667,134.9,2.37,1.1033333333333333,845,8.535353535353535,9.0819,6.019
OGUN,66,114,22,202,521,102,623,1343,265,0,34,5,5,1,0,14,11,0,22,1,3,0,0,0,1,18,Q4,2023,8.353333333333333,1.7966666666666669,54.26,0.8866666666666667,3.9133333333333327,100.04333333333334,18.22,26.02333333333333,23.403333333333336,25.916666666666668,147.1,1.4933333333333334,0.9033333333333332,825,4.084158415841584,6.998,3.4737
ONDO,35,60,5,100,264,54,318,704,81,0,7,1,2,0,1,14,14,0,8,0,1,0,1,3,2,0,Q4,2023,8.356666666666667,1.8033333333333332,54.27666666666667,0.8833333333333333,3.15,96.82333333333334,16.80333333333333,24.883333333333336,21.456666666666667,24.51333333333333,158.73333333333335,1.89,0.9866666666666668,418,4.18,7.2508,5.2103
OSUN,26,54,16,96,287,47,334,712,84,0,12,4,7,2,0,10,2,4,13,1,1,0,4,2,0,0,Q4,2023,8.236666666666666,1.7733333333333334,56.080000000000005,0.92,4.07,98.17333333333332,17.36,25.26,22.23333333333333,24.926666666666662,157.46666666666667,1.4799999999999998,0.7633333333333333,430,4.479166666666667,7.5629,4.52
OYO,38,82,7,127,372,78,450,828,122,0,8,4,22,4,1,14,6,2,8,0,0,0,0,3,0,0,Q4,2023,8.276666666666666,1.7633333333333334,49.88,0.8866666666666667,3.693333333333333,97.88333333333333,16.53,25.12333333333333,21.3,24.69333333333333,151.76666666666668,2.26,1.25,577,4.543307086614173,7.85,3.933
PLATEAU,13,57,4,74,244,28,272,461,39,0,1,2,21,0,0,4,5,0,3,0,0,0,0,2,0,1,Q4,2023,9.09,1.9,36.35,0.3933333333333333,1.23,95.12666666666668,10.923333333333334,26.78,12.716666666666669,27.316666666666663,74.56666666666666,3.49,2.39,346,4.675675675675675,9.2182,9.517
RIVERS,3,9,4,16,28,3,31,113,10,0,0,0,3,0,0,1,1,0,2,0,0,0,0,0,0,0,Q4,2023,7.31,1.6933333333333334,72.22,0.8766666666666666,3.1933333333333334,100.75,18.46,26.436666666666667,23.756666666666664,26.326666666666664,246.9333333333333,1.5033333333333332,0.7833333333333333,47,2.9375,4.8156,7.0498
SOKOTO,6,19,0,25,110,13,123,175,12,0,1,0,2,1,0,6,2,0,2,0,0,0,0,0,0,0,Q4,2023,9.03,1.74,24.85,0.3233333333333333,0.2533333333333333,97.99666666666668,8.796666666666667,25.320000000000004,9.893333333333333,24.96666666666667,89.8,3.35,2.026666666666667,148,5.92,13.0059,5.2476
TARABA,4,39,0,43,113,13,126,214,13,0,1,3,1,0,0,2,11,4,1,1,0,0,0,0,4,0,Q4,2023,8.973333333333334,1.903333333333333,46.34666666666666,0.2566666666666666,0.3433333333333333,98.12666666666668,10.81,29.346666666666664,13.316666666666665,30.49666666666667,98.26666666666668,3.223333333333333,1.9466666666666663,169,3.930232558139535,8.8904,11.363
YOBE,18,30,2,50,340,31,371,494,26,0,9,0,0,2,0,6,10,0,3,0,0,0,0,0,0,16,Q4,2023,9.1,1.7633333333333334,32.61666666666667,0.1166666666666666,0.1066666666666666,96.85333333333334,6.833333333333333,27.21333333333333,6.47,27.986666666666668,45.96666666666667,3.2300000000000004,2.023333333333333,421,8.42,12.0,11.5
ZAMFARA,6,8,1,15,36,18,54,131,17,0,0,0,0,0,0,0,0,0,0,0,0,0,0,0,4,0,Q4,2023,8.943333333333333,1.7433333333333334,24.703333333333333,0.2733333333333333,0.0866666666666666,95.19,7.486666666666667,25.91333333333333,7.44,26.570000000000004,75.06666666666666,4.28,2.76,69,4.6,12.1704,6.659
ABIA,5,12,2,19,45,5,50,94,6,0,5,0,3,0,0,2,0,0,0,0,0,0,0,0,1,0,Q1,2024,8.39,1.8133333333333328,50.54333333333333,0.6266666666666666,0.4566666666666667,99.99666666666668,17.19666666666667,26.76333333333333,22.21,26.683333333333334,263.90000000000003,2.4066666666666667,1.346666666666667,69,3.631578947368421,5.4527,7.5248
ADAMAWA,10,14,5,29,163,27,190,296,29,0,4,2,0,1,0,1,2,0,0,3,0,0,0,0,0,0,Q1,2024,9.723333333333334,2.1,35.93666666666667,0.14,0.0766666666666666,98.07666666666668,4.833333333333333,30.64,1.4,32.300000000000004,143.76666666666665,3.773333333333333,2.596666666666667,219,7.551724137931035,9.3265,12.3984
AKWA IBOM,3,5,2,10,23,5,28,57,5,0,0,0,1,0,0,7,0,0,0,0,0,0,0,0,0,0,Q1,2024,,,,,,,,,,,,,,38,3.8,5.0377,7.9128
ANAMBRA,11,16,4,31,73,13,86,222,17,0,0,0,10,4,0,1,1,0,0,1,0,0,0,2,0,0,Q1,2024,8.726666666666667,1.8833333333333333,45.66333333333333,0.64,0.4366666666666667,99.87,16.74,26.77,21.62333333333333,26.493333333333336,286.8666666666667,2.7433333333333336,1.5366666666666664,117,3.774193548387097,6.21,7.07
BAUCHI,25,72,2,99,442,45,487,812,67,0,23,3,5,4,0,5,9,4,3,0,0,0,0,1,0,0,Q1,2024,9.423333333333334,2.053333333333333,32.690000000000005,0.1833333333333333,0.1533333333333333,95.33333333333331,4.4,26.686666666666667,-0.0999999999999999,27.88,42.13333333333333,3.6633333333333336,2.833333333333333,586,5.91919191919192,10.3158,9.8442
BAYELSA,4,7,2,13,26,5,31,113,13,0,2,0,1,1,0,1,1,0,2,0,0,0,0,0,0,0,Q1,2024,8.12,1.7566666666666666,54.153333333333336,0.7399999999999999,0.8133333333333334,100.86333333333332,18.55,27.53333333333333,23.71,27.506666666666664,255.1,1.9266666666666663,1.28,44,3.3846153846153846,4.7719000000000005,6.0699
BENUE,25,53,5,83,317,49,366,692,62,0,8,2,0,4,0,11,6,1,1,1,1,2,0,0,0,2,Q1,2024,9.07,1.94,41.86333333333334,0.3233333333333333,0.25,99.43333333333334,10.66,29.76333333333333,12.579999999999998,30.933333333333334,107.0,4.663333333333333,2.41,449,5.409638554216867,7.1907,8.1297
BORNO,2,22,2,26,173,3,176,219,19,0,1,2,0,0,0,6,4,0,0,0,0,0,0,0,10,0,Q1,2024,9.776666666666666,2.1266666666666665,34.86666666666667,0.08,0.0033333333333333,97.54333333333334,3.3866666666666667,27.50333333333333,-2.4,28.796666666666667,33.833333333333336,3.8533333333333335,3.3366666666666664,202,7.769230769230769,11.8333,13.15
CROSS RIVER,9,20,3,32,112,15,127,180,25,0,0,1,4,0,0,6,1,0,1,0,0,0,0,0,0,0,Q1,2024,8.72,1.93,49.36666666666667,0.5433333333333333,0.32,99.68333333333334,15.273333333333332,28.646666666666665,20.016666666666666,29.34,191.9,3.1333333333333333,1.5133333333333334,159,4.96875,5.9631,8.7268
DELTA,10,17,4,31,76,18,94,173,26,1,5,0,3,0,0,4,0,0,3,0,0,0,0,0,2,0,Q1,2024,8.006666666666666,1.6933333333333334,46.07666666666668,0.7266666666666666,0.86,100.95333333333332,18.80333333333333,27.316666666666663,23.95,27.15,257.3,1.1933333333333334,0.3899999999999999,125,4.032258064516129,5.532,5.8987
EBONYI,8,18,17,43,60,19,79,148,22,0,7,2,1,0,0,1,1,0,0,0,0,0,0,0,1,0,Q1,2024,9.073333333333332,1.9733333333333332,44.653333333333336,0.3766666666666666,0.19,100.00333333333332,12.206666666666663,29.82333333333333,15.253333333333336,30.98,94.36666666666667,4.096666666666667,2.123333333333333,122,2.8372093023255816,6.2649,8.013
EDO,21,28,12,61,159,39,198,401,46,0,3,0,13,0,0,6,0,0,0,2,0,0,0,2,0,1,Q1,2024,8.156666666666666,1.7366666666666666,49.796666666666674,0.6766666666666667,0.6033333333333334,99.99,17.386666666666667,26.6,22.313333333333333,26.19,176.0666666666667,1.6833333333333331,0.8466666666666667,259,4.245901639344262,6.5244,5.8987
EKITI,7,16,1,24,55,9,64,114,27,0,0,0,0,0,0,0,0,0,0,0,1,2,0,0,2,1,Q1,2024,8.493333333333332,1.8133333333333328,43.89000000000001,0.6866666666666666,0.71,96.83333333333331,15.573333333333332,25.6,19.886666666666667,25.14333333333333,173.86666666666667,2.3233333333333333,1.2766666666666666,88,3.6666666666666665,7.6656,5.3103
ENUGU,12,28,4,44,164,24,188,363,39,0,0,0,6,0,0,1,1,0,2,1,0,0,0,0,0,0,Q1,2024,8.726666666666667,1.8833333333333333,45.66333333333333,0.4966666666666666,0.2766666666666666,99.32,13.763333333333334,27.92,17.573333333333334,28.243333333333336,183.86666666666667,3.483333333333333,1.9633333333333336,232,5.2727272727272725,6.5244,7.5086
FCT,43,178,52,273,504,62,566,1531,280,0,18,3,6,0,0,2,11,0,23,3,0,0,0,2,18,2,Q1,2024,9.126666666666669,1.97,39.24,0.43,0.1999999999999999,98.1,10.793333333333331,27.826666666666664,13.526666666666666,28.30333333333333,116.13333333333333,3.6833333333333336,1.79,839,3.073260073260073,8.8941,7.186
GOMBE,20,64,4,88,349,44,393,865,46,0,5,4,8,2,0,5,13,0,3,1,0,0,0,0,1,0,Q1,2024,9.623333333333331,2.063333333333333,34.15,0.1833333333333333,0.48,96.8,4.556666666666667,27.820000000000004,0.5366666666666667,28.9,35.2,4.043333333333334,3.2433333333333336,481,5.465909090909091,10.2892,11.167
IMO,18,13,3,34,134,36,170,279,25,0,1,1,0,0,0,0,1,0,0,0,0,0,0,0,0,0,Q1,2024,8.39,1.8133333333333328,50.54333333333333,0.68,0.5666666666666668,100.34,17.61,27.023333333333337,22.67,26.87,276.8666666666667,2.36,1.2566666666666666,204,6.0,5.572,7.0588
JIGAWA,17,75,3,95,308,41,349,526,104,0,11,1,1,4,0,9,7,0,2,11,0,0,0,1,0,4,Q1,2024,9.25,1.9366666666666668,35.41,0.1399999999999999,0.08,96.71999999999998,3.56,25.5,-2.11,25.813333333333333,50.96666666666667,2.9033333333333338,1.5366666666666668,444,4.673684210526316,12.228,9.561
KADUNA,68,107,5,180,828,171,999,1706,96,1,13,6,0,2,0,18,13,0,20,2,0,1,0,6,1,2,Q1,2024,9.36,2.03,29.563333333333333,0.4333333333333333,2.68,94.19,7.16,24.75,6.52,24.813333333333333,70.10000000000001,4.3966666666666665,2.8200000000000003,1179,6.55,10.3764,7.709799999999999
KANO,14,39,1,54,236,30,266,495,44,0,2,0,0,1,0,3,5,0,2,0,0,0,0,0,3,6,Q1,2024,9.356666666666667,1.9966666666666668,32.583333333333336,0.1633333333333333,0.0933333333333333,96.23333333333332,3.803333333333333,24.846666666666664,-1.2833333333333332,24.816666666666663,55.70000000000001,2.6933333333333334,1.1966666666666663,320,5.925925925925926,11.999,8.522
KATSINA,16,19,0,35,133,38,171,242,33,0,4,0,0,4,0,1,1,0,3,2,0,0,0,0,0,2,Q1,2024,9.23,1.94,31.73,0.1033333333333333,0.0233333333333333,95.89333333333332,3.516666666666667,25.4,-2.356666666666667,26.26,74.16666666666667,4.82,3.3433333333333333,206,5.885714285714286,12.9843,7.6223
KEBBI,11,22,0,33,250,41,291,449,29,0,0,0,0,2,0,0,3,0,0,0,0,0,0,0,0,0,Q1,2024,9.38,1.9666666666666668,29.456666666666667,0.14,0.4599999999999999,98.37,4.25,27.626666666666665,0.1266666666666666,28.06,69.43333333333334,3.4599999999999995,1.9733333333333332,324,9.818181818181818,12.4504,4.1999
KOGI,38,70,13,121,500,83,583,1141,126,1,21,6,11,0,0,22,0,0,3,0,0,1,0,1,0,1,Q1,2024,8.556666666666667,1.8066666666666664,42.71333333333333,0.5566666666666666,0.4466666666666666,98.91,13.64,27.44333333333333,17.763333333333335,27.19333333333333,137.1,3.4166666666666665,1.86,704,5.818181818181818,7.733,6.6906
KWARA,28,38,8,74,300,70,370,709,63,1,6,8,2,2,0,19,3,0,0,0,0,0,0,0,3,2,Q1,2024,8.766666666666666,1.8633333333333333,36.126666666666665,0.3733333333333333,0.15,97.73666666666668,11.533333333333331,28.666666666666668,14.556666666666668,29.886666666666667,139.46666666666667,3.6366666666666663,2.19,444,6.0,8.9669,4.3874
LAGOS,15,62,36,113,165,18,183,540,71,0,1,8,6,0,0,5,4,0,8,2,0,1,0,0,0,5,Q1,2024,8.549999999999999,1.7966666666666666,40.446666666666665,0.6033333333333334,1.27,100.78333333333336,19.256666666666664,27.94666666666667,24.42333333333333,28.0,226.8,2.15,2.036666666666666,296,2.6194690265486726,6.5244,3.3792
NASARAWA,24,138,7,169,438,41,479,885,167,0,7,2,6,2,0,4,26,1,10,1,1,2,1,0,7,5,Q1,2024,9.126666666666669,1.97,39.24,0.3833333333333333,0.5133333333333333,98.28333333333336,10.546666666666669,28.47,12.556666666666668,29.043333333333333,142.7,3.01,1.9066666666666665,648,3.834319526627219,8.54,7.7197
NIGER,38,85,4,127,433,119,552,1115,140,0,6,4,0,1,1,8,2,2,6,0,0,0,2,3,5,2,Q1,2024,8.853333333333333,1.8433333333333333,38.39,0.3,0.1266666666666666,99.57333333333334,10.736666666666665,29.32333333333333,13.77,30.46333333333333,123.5,3.266666666666667,1.7066666666666668,679,5.346456692913386,9.0819,6.019
OGUN,53,131,16,200,542,98,640,1266,261,0,34,12,2,0,0,16,8,0,18,1,3,0,0,0,1,9,Q1,2024,8.549999999999999,1.7966666666666666,40.446666666666665,0.71,1.1266666666666667,100.04333333333334,18.23,26.790000000000003,23.30333333333333,26.686666666666667,151.33333333333334,1.9433333333333331,1.1133333333333333,840,4.2,6.998,3.4737
ONDO,20,58,6,84,245,35,280,537,80,0,6,3,8,2,0,22,15,0,8,0,1,0,0,1,0,0,Q1,2024,8.493333333333332,1.8133333333333328,43.89000000000001,0.6866666666666666,0.71,96.83333333333331,15.573333333333332,25.6,19.886666666666667,25.14333333333333,173.86666666666667,2.3233333333333333,1.2766666666666666,364,4.333333333333333,7.2508,5.2103
OSUN,29,61,10,100,376,96,472,863,71,0,10,6,4,0,0,7,5,3,15,0,1,0,0,1,0,0,Q1,2024,8.33,1.7566666666666666,44.35333333333333,0.7399999999999999,0.9566666666666668,98.18333333333334,16.543333333333333,26.02333333333333,21.22,25.706666666666667,168.93333333333334,1.94,0.9666666666666668,572,5.72,7.5629,4.52
OYO,40,77,14,131,298,68,366,967,84,0,8,3,8,1,1,8,1,3,3,0,0,0,0,2,0,0,Q1,2024,8.463333333333333,1.7733333333333334,43.52666666666667,0.6833333333333332,0.6466666666666667,97.89,15.703333333333331,25.933333333333334,20.24,25.663333333333338,156.96666666666667,2.7533333333333334,1.66,497,3.793893129770992,7.85,3.933
PLATEAU,11,63,3,77,185,15,200,426,48,0,5,7,14,0,0,4,8,0,1,4,0,1,0,0,0,6,Q1,2024,9.286666666666669,2.013333333333333,33.93,0.1533333333333333,0.24,95.14333333333332,5.986666666666667,28.72666666666667,2.74,30.14,116.16666666666669,4.17,3.686666666666666,277,3.5974025974025974,9.2182,9.517
RIVERS,4,10,1,15,32,4,36,60,17,0,1,0,2,0,0,0,0,0,1,0,0,0,0,0,0,0,Q1,2024,8.056666666666667,1.79,54.946666666666665,0.7033333333333333,0.7766666666666667,100.74333333333334,18.246666666666663,27.32333333333333,23.41,27.206666666666667,262.1666666666667,1.75,0.87,51,3.4,4.8156,7.0498
SOKOTO,14,10,0,24,122,41,163,236,41,0,0,1,0,0,1,2,6,0,0,1,0,0,0,0,0,0,Q1,2024,9.453333333333331,1.9766666666666663,26.286666666666672,0.1533333333333333,0.0833333333333333,98.02333333333333,3.803333333333333,26.96333333333333,-1.1933333333333334,27.563333333333333,72.36666666666667,4.67,2.903333333333333,187,7.791666666666667,13.0059,5.2476
TARABA,7,31,0,38,98,17,115,231,17,0,3,0,2,3,0,0,9,0,3,1,0,0,0,0,0,0,Q1,2024,9.61,2.1166666666666667,40.556666666666665,0.1466666666666667,0.0033333333333333,98.15,6.07,29.916666666666668,3.956666666666667,31.473333333333333,117.13333333333333,3.973333333333333,2.93,153,4.026315789473684,8.8904,11.363
YOBE,8,28,3,39,234,13,247,378,38,0,4,1,0,6,0,0,5,0,1,0,0,0,0,0,0,0,Q1,2024,9.51,2.023333333333333,34.42333333333334,0.0566666666666666,0.0133333333333333,96.93,3.4166666666666665,26.433333333333334,-2.643333333333333,27.33,41.23333333333333,3.66,2.61,286,7.333333333333333,12.0,11.5
ZAMFARA,5,8,0,13,61,14,75,130,14,0,0,0,0,0,0,2,0,0,0,0,0,0,0,0,0,0,Q1,2024,9.46,2.0066666666666664,26.82333333333333,0.1833333333333333,0.1,95.23333333333332,4.05,26.15,-0.9066666666666668,27.176666666666662,79.86666666666667,4.94,3.3833333333333333,88,6.769230769230769,12.1704,6.659
ABIA,6,12,2,20,86,15,101,177,6,0,9,2,0,2,1,2,0,0,0,0,0,0,0,0,0,0,Q2,2024,7.886666666666667,1.7866666666666668,81.33,0.6733333333333333,6.786666666666666,99.98,19.61,26.98333333333333,24.71333333333333,27.036666666666665,221.76666666666665,2.04,1.4533333333333334,121,6.05,5.4527,7.5248
ADAMAWA,3,37,4,44,145,7,152,253,24,0,1,0,1,3,0,1,0,0,2,0,12,0,0,0,0,0,Q2,2024,9.79,2.16,69.72000000000001,0.2666666666666666,1.4566666666666668,97.89333333333332,14.883333333333333,32.99,19.51,34.84,252.86666666666665,4.09,2.4566666666666666,196,4.454545454545454,9.3265,12.3984
AKWA IBOM,6,5,2,13,35,12,47,84,8,0,1,0,0,0,1,0,0,1,0,0,2,0,0,0,0,0,Q2,2024,,,,,,,,,,,,,,60,4.615384615384615,5.0377,7.9128
ANAMBRA,9,11,3,23,68,11,79,184,12,0,0,0,1,7,5,0,0,0,0,0,0,2,0,0,0,1,Q2,2024,8.17,1.8433333333333333,77.74666666666667,0.6666666666666666,5.636666666666667,99.84666666666668,19.73,27.10333333333333,24.793333333333333,27.223333333333333,226.8,2.1566666666666667,1.68,102,4.434782608695652,6.21,7.07
BAUCHI,24,31,0,55,305,54,359,578,37,0,13,14,0,1,3,1,0,0,5,1,1,1,0,0,0,0,Q2,2024,9.626666666666669,2.1533333333333333,67.75333333333333,0.2733333333333334,1.2,95.05666666666669,13.266666666666666,31.69,16.686666666666667,33.51,158.96666666666667,3.84,2.3666666666666667,414,7.527272727272727,10.3158,9.8442
BAYELSA,1,6,2,9,16,6,22,47,3,0,1,3,1,0,1,0,0,0,0,0,0,0,0,0,0,0,Q2,2024,7.32,1.663333333333333,81.46333333333332,0.7733333333333334,9.663333333333332,100.84666666666668,20.063333333333333,27.296666666666667,25.236666666666668,27.45,221.63333333333333,1.836666666666667,1.2966666666666666,31,3.4444444444444446,4.7719000000000005,6.0699
BENUE,14,50,5,69,267,37,304,501,25,0,11,4,2,4,2,2,0,0,12,2,1,0,0,0,0,1,Q2,2024,8.676666666666666,1.9466666666666663,78.97666666666667,0.5633333333333334,3.1533333333333338,99.40333333333336,18.356666666666666,28.55,23.49,29.256666666666664,222.63333333333333,2.6733333333333333,2.28,373,5.405797101449275,7.1907,8.1297
BORNO,3,8,1,12,26,3,29,44,4,0,1,0,2,0,0,0,0,1,0,0,1,1,0,0,0,1,Q2,2024,10.023333333333332,2.1766666666666663,70.57333333333334,0.1033333333333333,0.5233333333333333,97.10666666666668,9.316666666666666,35.02,10.22,37.06,140.1,4.136666666666667,2.603333333333333,41,3.4166666666666665,11.8333,13.15
CROSS RIVER,7,10,3,20,36,8,44,92,11,0,0,2,0,0,4,0,0,3,0,0,0,0,0,0,0,0,Q2,2024,7.776666666666667,1.81,84.21,0.69,8.066666666666668,99.67,19.176666666666662,27.473333333333333,24.276666666666667,27.723333333333333,218.63333333333333,2.4466666666666668,1.71,64,3.2,5.9631,8.7268
DELTA,11,24,2,37,144,17,161,264,17,0,7,0,0,2,6,0,0,0,0,0,6,0,1,0,0,1,Q2,2024,7.696666666666666,1.74,75.67666666666668,0.7733333333333334,7.966666666666666,100.93333333333334,20.28,27.156666666666663,25.433333333333334,27.2,223.0666666666667,0.96,0.3566666666666666,198,5.351351351351352,5.532,5.8987
EBONYI,9,9,0,18,45,12,57,105,4,0,2,6,0,0,0,0,0,1,1,0,0,0,0,0,0,0,Q2,2024,8.313333333333333,1.8966666666666667,80.38666666666667,0.6133333333333334,4.266666666666667,99.99666666666668,18.89,28.090000000000003,24.076666666666668,28.56,221.83333333333331,2.513333333333333,2.023333333333333,75,4.166666666666667,6.2649,8.013
EDO,13,29,8,50,117,16,133,317,25,0,7,29,1,0,8,0,0,1,0,7,0,0,0,0,0,0,Q2,2024,7.859999999999999,1.76,77.50666666666666,0.7166666666666667,5.6866666666666665,99.96,20.19,26.813333333333333,25.19333333333333,26.856666666666666,231.4333333333333,1.39,0.8533333333333334,183,3.66,6.5244,5.8987
EKITI,3,16,2,21,60,3,63,120,12,0,0,13,2,2,2,0,0,0,0,0,1,0,0,0,0,1,Q2,2024,8.176666666666668,1.846666666666667,73.77333333333333,0.7000000000000001,5.153333333333333,96.8,19.05666666666667,25.80666666666667,23.7,25.98,226.66666666666663,2.02,1.3733333333333333,84,4.0,7.6656,5.3103
ENUGU,11,30,5,46,175,35,210,445,24,0,2,7,0,4,14,0,0,0,0,0,2,0,0,0,0,0,Q2,2024,8.17,1.8433333333333333,77.74666666666667,0.5966666666666667,3.9966666666666666,99.3,19.076666666666668,27.31,24.13,27.606666666666666,228.4,2.46,1.9466666666666663,256,5.565217391304348,6.5244,7.5086
FCT,47,191,54,292,695,71,766,1837,175,0,12,72,1,2,3,3,3,0,15,0,13,3,0,0,0,1,Q2,2024,8.623333333333333,1.9333333333333331,75.38666666666667,0.5,3.033333333333333,98.02666666666669,18.32333333333333,28.83,23.22,29.57333333333333,211.33333333333331,2.533333333333333,1.5,1058,3.6232876712328768,8.8941,7.186
GOMBE,19,47,5,71,243,33,276,489,36,0,7,5,4,0,3,3,0,1,7,0,4,1,0,0,0,0,Q2,2024,9.82,2.1466666666666665,68.68,0.31,1.6133333333333333,96.53000000000002,14.233333333333334,31.83,18.113333333333333,33.61,200.9333333333333,3.86,2.66,347,4.887323943661972,10.2892,11.167
IMO,6,6,0,12,74,21,95,127,5,0,1,0,1,3,1,0,0,0,0,0,0,0,0,0,0,0,Q2,2024,7.886666666666667,1.7866666666666668,81.33,0.7166666666666667,7.133333333333333,100.32,19.836666666666662,27.206666666666667,24.956666666666667,27.296666666666667,224.46666666666667,1.8433333333333333,1.3,107,8.916666666666666,5.572,7.0588
JIGAWA,17,43,0,60,185,26,211,366,40,0,4,30,0,6,0,0,0,0,4,0,1,8,0,0,0,0,Q2,2024,10.103333333333332,2.1333333333333333,63.22333333333333,0.1433333333333333,0.66,96.32,10.213333333333331,33.22666666666667,11.626666666666663,33.79333333333333,187.26666666666665,2.8666666666666667,1.33,271,4.516666666666667,12.228,9.561
KADUNA,49,106,2,157,765,124,889,1559,90,0,9,1,3,6,1,3,2,1,9,1,13,2,0,0,1,2,Q2,2024,9.42,2.103333333333333,69.82666666666667,0.5333333333333333,5.56,94.05333333333334,16.78,26.976666666666663,20.826666666666664,27.57333333333333,222.9333333333333,2.76,1.7933333333333332,1046,6.662420382165605,10.3764,7.709799999999999
KANO,24,23,1,48,233,74,307,426,30,0,2,26,0,1,0,3,0,1,2,0,4,0,0,0,0,1,Q2,2024,9.76,2.103333333333333,65.51666666666667,0.1733333333333333,0.82,95.85333333333334,11.0,32.51,13.073333333333332,32.65333333333333,180.7,2.6733333333333333,1.0566666666666666,355,7.395833333333333,11.999,8.522
KATSINA,10,16,0,26,107,18,125,226,20,0,0,7,0,0,0,0,0,2,0,0,2,0,0,0,0,0,Q2,2024,9.836666666666666,2.0933333333333333,65.20333333333333,0.2166666666666666,3.373333333333333,95.53666666666668,11.87,32.06,13.99,33.49333333333333,175.5666666666667,3.7433333333333336,2.49,151,5.807692307692308,12.9843,7.6223
KEBBI,11,16,0,27,65,16,81,161,10,0,0,12,0,1,0,0,0,0,1,0,0,0,0,0,0,0,Q2,2024,9.723333333333333,2.0733333333333333,64.61666666666666,0.35,4.74,98.10333333333334,15.823333333333332,31.86,20.15333333333333,32.56666666666667,206.63333333333333,3.0,1.7066666666666668,108,4.0,12.4504,4.1999
KOGI,36,60,9,105,330,89,419,853,76,0,11,1,2,17,7,0,0,0,0,1,7,0,4,0,0,0,Q2,2024,8.363333333333333,1.8666666666666665,73.81666666666666,0.5666666666666667,3.513333333333333,98.86,18.813333333333333,27.993333333333336,23.83333333333333,28.516666666666666,220.5666666666667,2.686666666666667,2.236666666666667,524,4.990476190476191,7.733,6.6906
KWARA,15,34,3,52,210,44,254,405,31,0,1,9,4,8,0,1,0,0,1,0,1,1,0,0,3,0,Q2,2024,8.793333333333333,1.98,70.37,0.5099999999999999,2.9800000000000004,97.67,17.87,28.71666666666667,22.75,29.590000000000003,217.0,3.12,2.526666666666667,306,5.884615384615385,8.9669,4.3874
LAGOS,22,77,48,147,186,31,217,657,80,0,1,12,14,11,9,0,0,0,2,0,7,2,0,0,2,3,Q2,2024,7.85,1.7466666666666668,74.11666666666667,0.6233333333333334,6.226666666666667,100.76,20.32,27.96,25.436666666666667,28.23,223.46666666666667,1.6866666666666663,2.27,364,2.4761904761904763,6.5244,3.3792
NASARAWA,35,125,4,164,485,55,540,870,98,1,12,39,1,3,4,3,0,1,18,0,15,1,0,0,0,1,Q2,2024,8.623333333333333,1.9333333333333331,75.38666666666667,0.5066666666666667,3.11,98.22333333333331,18.386666666666667,28.566666666666663,23.316666666666663,29.31,225.16666666666663,2.453333333333333,1.86,704,4.2926829268292686,8.54,7.7197
NIGER,38,81,2,121,441,94,535,826,77,0,6,35,1,12,1,0,0,8,2,0,3,0,0,1,0,0,Q2,2024,8.876666666666667,1.9633333333333336,77.09333333333332,0.4133333333333333,2.6633333333333336,99.48333333333332,18.19666666666667,30.36,23.343333333333334,31.21666666666667,212.86666666666667,2.8833333333333333,1.643333333333333,656,5.421487603305785,9.0819,6.019
OGUN,57,102,20,179,519,92,611,1371,122,0,16,93,19,7,7,1,0,1,4,1,24,1,4,0,1,5,Q2,2024,7.85,1.7466666666666668,74.11666666666667,0.7200000000000001,6.84,100.01333333333334,20.05333333333333,26.94,25.08666666666667,27.02333333333333,217.5666666666667,1.6033333333333335,1.16,790,4.41340782122905,6.998,3.4737
ONDO,35,52,7,94,226,50,276,591,63,2,5,48,0,8,1,0,0,0,8,1,3,0,0,0,0,0,Q2,2024,8.176666666666668,1.846666666666667,73.77333333333333,0.7000000000000001,5.153333333333333,96.8,19.05666666666667,25.80666666666667,23.7,25.98,226.66666666666663,2.02,1.3733333333333333,370,3.9361702127659575,7.2508,5.2103